Сербский,Чтение по-русски,Перевод на русский
danas,данас,сегодня
sutra,сутра,завтра
juče,юче,вчера
sada,сада,сейчас
sad,сад,сейчас (разг.)
privremeno,привремено,временно
ovde,овде,здесь
tamo,тамо,там
kod kuće,код куче,дома
od kuće,од куче,из дома / удалённо из дома
lako,лако,легко
teško,тешко,тяжело
malo,мало,чуть-чуть / немного
mnogo,много,много
veoma,веома,очень
vrlo,врло,очень
slobodno,слободно,свободно
ponekad,понекад,иногда
uvek,увек,всегда
nikad,никад,никогда
nikada,никада,никогда
retko,ретко,редко
često,често,часто
češće,чешче,чаще
stalno,стално,постоянно
skoro uvek,скоро увек,почти всегда
obično,обично,обычно
polako,полако,медленно / потихоньку
zajedno,заедно,вместе
onda,онда,потом / тогда
zatim,затим,затем
inače,иначе,вообще / вообще-то
samo,само,только
ništa,ништа,ничего
uskoro,ускоро,скоро
brzo,брзо,быстро
rano,рано,рано
ujutru,уютру,утром
uveče,увече,вечером
večeras,вечерас,сегодня вечером
popodne,поподне,днём / после обеда
napolje,наполье,на улицу / наружу
daleko,далеко,далеко
blizu,близу,близко
bolje,болье,лучше
naravno,наравно,конечно
onako,онако,так себе
tačno,тачно,точно
nemoguće,немогуче,невозможно
ili,или,или
ali,али,но
a,а,а
i,и,и
pa,па,и / ну и / затем
međutim,меджутим,однако
takođe,такодже,также
ako,ако,если
jer,ер,потому что
zato što,зато што,потому что
zato,зато,поэтому
kada,када,когда
kad,кад,когда
kako,како,как
šta,шта,что
da,да,что / да (по контексту)
mislim da,мислим да,"думаю, что"
i ja,и я,я тоже
kod nas,код нас,у нас
na sreću,на сречу,к счастью
Koliko košta?,колико кошта?,Сколько стоит?
Koliko košta kod vas?,колико кошта код вас?,Сколько у вас стоит?
Koliko je sati?,колико е сати?,Который час? / Сколько времени?
Koliko vremena?,колико времена?,Сколько времени? (по длительности)
U koliko sati?,у колико сати?,Во сколько?
Sa kim?,са ким?,С кем?
Koliko dugo?,колико дуго?,Как долго?
Kakvo je vreme?,какво е време?,Какая погода?
Drago mi je.,драго ми е.,Приятно познакомиться / Мне приятно
Sviđa mi se.,свиджа ми се.,Мне нравится.
Sviđaju mi se.,свиджаю ми се.,Мне нравятся.
Sve je tako.,све е тако.,Всё так.
i dalje isto,и далье исто,всё так же
Danas je sve skupo.,данас е све скупо.,Сегодня всё дорого.
Sada ne gledam ništa.,сада не гледам ништа.,Сейчас я ничего не смотрю.
Šetam svaki dan.,шетам сваки дан.,Я гуляю каждый день.
Malo sam umorna.,мало сам уморна.,Я немного устала.
Treba da kupim…,треба да купим…,Мне нужно купить…
Planiram da se selim…,планирам да се селим…,Я планирую переехать…
Ne može se bez auta.,не може се без аута.,Без машины не обойтись.
Je li bioskop daleko?,е ли биоскоп далеко?,Кинотеатр далеко?
U koliko sati idete u bioskop?,у колико сати идете у биоскоп?,Во сколько вы идёте в кино?
Znate li za ovu aplikaciju?,знате ли за ову апликацию?,Вы знаете об этом приложении?
Pijete li kafu?,пиете ли кафу?,Вы пьёте кофе?
jedan sat od nas,едан сат од нас,один час от нас
dva slobodna dana nedeljno,два слободна дана недельно,два свободных дня в неделю
pre dva dana,пре два дана,два дня назад
pre dve godine,пре две године,два года назад
pre mesec dana,пре месец дана,месяц назад
mesec dana,месец дана,месяц / в течение месяца
nedelju dana,недельу дана,неделю
godinu dana,годину дана,год
jednom nedeljno,едном недельно,раз в неделю
jednom mesečno,едном месечно,раз в месяц
dnevno,дневно,в день
nedeljno,недельно,в неделю
mesečno,месечно,в месяц
godišnje,годишнье,в год
do dva dana,до два дана,до двух дней
do prošle nedelje,до прошле неделье,до прошлой недели
sledeće nedelje,следече неделье,на следующей неделе
prošle nedelje,прошле неделье,на прошлой неделе
ove nedelje,ове неделье,на этой неделе
za vikend,за викенд,на выходных
vikendom,викендом,по выходным
svaki vikend,сваки викенд,каждые выходные
pre časa,пре часа,до занятия
posle časa,после часа,после занятия
na primer,на пример,например
za doručak,за доручак,на завтрак
za ručak,за ручак,на обед
za večeru,за вечеру,на ужин
bez šećera,без шечера,без сахара
velika gužva,велика гужва,большая пробка / сильная загруженность
Dobro jutro.,добро ютро.,Доброе утро.
Dobar dan.,добар дан.,Добрый день.
Dobro veče.,добро вече.,Добрый вечер.
meni,мени,мне
mi,ми,мне (краткая форма)
njemu,ньему,ему
mu,му,ему (краткая форма)
njoj,ньой,ей
joj,йой,ей (краткая форма)
njima,ньима,им
im,им,им (краткая форма)
moj,мой,мой
moja,моя,моя
moje,мое,моё
svoj,свой,свой
svoja,своя,своя
svoje,свое,своё
njegov,ньегов,его
njegova,ньегова,его (жен. род)
njegovo,ньегово,его (ср. род)
njen,ньен,её
njena,ньена,её (жен. род)
njeno,ньено,её (ср. род)
naš,наш,наш
naša,наша,наша
naše,наше,наше
njihov,ньихов,их
njihova,ньихова,их (жен. род)
njihovo,ньихово,их (ср. род)
posao,посао,работа
plata,плата,зарплата
hrana,храна,еда
deca,деца,дети
roditelji,родительи,родители
porodica,породица,семья
verenica,вереница,невеста / помолвленная девушка
nevesta,невеста,невеста на свадьбе
muž,муж,муж
novac,новац,деньги
pare,паре,деньги (разг.)
bankovna kartica,банковна картица,банковская карта
kartica,картица,карточка
sreća,среча,счастье
pijaca,пияца,рынок (продуктовый / уличный)
tržište,тржиште,рынок (экономический)
prodavnica,продавница,магазин
stan,стан,квартира
kuća,куча,дом
zgrada,зграда,здание
aplikacija,апликация,приложение
bioskop,биоскоп,кинотеатр
film,филм,фильм / кино
serija,серия,сериал
trg,трг,площадь
ulica,улица,улица
pozorište,позориште,театр
muzej,музей,музей
restoran,ресторан,ресторан
grad,град,город
park,парк,парк
bulevar,булевар,бульвар
teretana,теретана,спортзал
sauna,сауна,сауна
banja,баньа,спа / курорт / баня (по контексту)
teren za tenis,терен за тенис,теннисный корт
jednosoban stan,еднособан стан,однокомнатная квартира
dvosoban stan,двособан стан,двухкомнатная квартира
soba za posao,соба за посао,кабинет / рабочая комната
spavaća soba,спавача соба,спальня
lokacija,локация,расположение / локация
kafić,кафич,кафе
knjiga,кньига,книга
domaći,домачи,домашнее задание
šećer,шечер,сахар
čaj,чай,чай
kafa,кафа,кофе
torba,торба,сумка
tašna,ташна,дамская сумка
telefon,телефон,телефон
ključevi,кльучеви,ключи
šetnja,шетньа,прогулка
firma,фирма,компания / фирма
sastanak,састанак,встреча / собрание
nekoliko sastanaka,неколико састанака,несколько встреч
auto,ауто,машина / автомобиль
novi auto,нови ауто,новая машина
drugarica,другарица,подруга
drug,друг,друг
mama,мама,мама
momak,момак,парень
čas,час,урок / занятие / час
Časovi srpskog jezika,часови српског езика,уроки сербского языка
engleski,енглески,английский
ruski,руски,русский
ime,име,имя
prezime,презиме,фамилия
dvorište,двориште,двор
ogledalo,огледало,зеркало
dečak,дечак,мальчик
nastavnik,наставник,учитель / преподаватель
hirurg,хирург,хирург
orah,орах,орех / грецкий орех
stranac,странац,иностранец
ručak,ручак,обед
večera,вечера,ужин
jedan sat,едан сат,один час
jedna nedelja,една недельа,одна неделя
jedna godina,една година,один год
dve godine,две године,два года
dva meseca,два месеца,два месяца
autobusom,аутобусом,на автобусе
autom,аутом,на машине
sa drugaricom,са другарицом,с подругой
sa drugom,са другом,с другом
sa mamom,са мамом,с мамой
sa momkom,са момком,с парнем
engleski jezik,енглески език,английский язык
srpski jezik,српски език,сербский язык
slobodno vreme,слободно време,свободное время
ponedeljak,понедельак,понедельник
utorak,уторак,вторник
sreda,среда,среда
četvrtak,четвртак,четверг
petak,петак,пятница
subota,субота,суббота
nedelja,недельа,воскресенье / неделя
u ponedeljak,у понедельак,в понедельник
u utorak,у уторак,во вторник
u sredu,у среду,в среду
u četvrtak,у четвртак,в четверг
u petak,у петак,в пятницу
u subotu,у суботу,в субботу
u nedelju,у недельу,в воскресенье
ponedeljkom,понедельком,по понедельникам
utorkom,уторком,по вторникам
sredom,средом,по средам
četvrtkom,четвртком,по четвергам
petkom,петком,по пятницам
subotom,суботом,по субботам
nedeljom,недельом,по воскресеньям
ceo dan,цео дан,весь день / полный день
svaki dan,сваки дан,каждый день
jedan mesec,едан месец,один месяц
umoran,уморан,устал / уставший (м.)
umorna,уморна,устала / уставшая (ж.)
umorno,уморно,уставшее (ср.)
zauzet,заузет,занят (м.)
zauzeta,заузета,занята (ж.)
zauzeto,заузето,занято (ср.)
zauzeti,заузети,заняты / занятые
slobodan,слободан,свободный (м.)
slobodna,слободна,свободная (ж.)
slobodno,слободно,свободно / свободное
slobodni,слободни,свободные
jeftin,ефтин,дешёвый
jeftina,ефтина,дешёвая
jeftino,ефтино,дёшево / дешёвое
skup,скуп,дорогой
skupa,скупа,дорогая
skupo,скупо,дорого / дорогое
skupe,скупе,дорогие (ж. мн.)
lep,леп,красивый
lepa,лепа,красивая
lepo,лепо,красивое / красиво
dobar,добар,хороший
dobra,добра,хорошая
dobro,добро,хорошее / хорошо
dobri,добри,хорошие
isti,исти,одинаковый / тот же (м.)
ista,иста,одинаковая / та же
isto,исто,одинаковое / то же
dosadan,досадан,скучный
dosadna,досадна,скучная
dosadno,досадно,скучно / скучное
dosadne,досадне,скучные (ж.)
zanimljiv,занимльив,интересный
zanimljiva,занимльива,интересная
zanimljivo,занимльиво,интересно / интересное
zanimljivi,занимльиви,интересные
interesantan,интересантан,интересный
interesantna,интересантна,интересная
interesantno,интересантно,интересное / интересно
star,стар,старый
stara,стара,старая
staro,старо,старое
mlad,млад,молодой
mlada,млада,молодая
mlado,младо,молодое
dug,дуг,длинный
duga,дуга,длинная
dugo,дуго,длинное / долго
duge,дуге,длинные (ж.)
visok,висок,высокий
visoka,висока,высокая
visoko,високо,высокое / высоко
čist,чист,чистый
čista,чиста,чистая
čisto,чисто,чистое / чисто
širok,широк,широкий
široka,широка,широкая
široko,широко,широкое / широко
odličan,одличан,отличный
odlična,одлична,отличная
odlično,одлично,отлично / отличное
divan,диван,прекрасный
divna,дивна,прекрасная
divno,дивно,прекрасно / прекрасное
siguran,сигуран,уверенный / безопасный (м.)
sigurna,сигурна,уверенная / безопасная (ж.)
sigurno,сигурно,точно / безопасно / уверенно
opasan,опасан,опасный
opasna,опасна,опасная
opasno,опасно,опасно / опасное
bezopasan,безопасан,безопасный
bezopasna,безопасна,безопасная
bezopasno,безопасно,безопасно / безопасное
biti,бити,быть
ja sam,я сам,я есть / я являюсь
ti si,ти си,ты есть / ты являешься
on je,он е,он есть / он является
ona je,она е,она есть / она является
mi smo,ми смо,мы есть / мы являемся
vi ste,ви сте,вы есть / вы являетесь
oni su,они су,они есть / они являются
ja nisam,я нисам,я не являюсь
ti nisi,ти ниси,ты не являешься
on nije,он ние,он не является
ona nije,она ние,она не является
mi nismo,ми нисмо,мы не являемся
vi niste,ви нисте,вы не являетесь
oni nisu,они нису,они не являются
jesam,есам,"да, являюсь / усиленная утвердительная форма"
jeste,есте,"да, является / являетесь"
raditi,радити,работать
ja radim,я радим,я работаю
ti radiš,ти радиш,ты работаешь
on/ona radi,он/она ради,он/она работает
mi radimo,ми радимо,мы работаем
vi radite,ви радите,вы работаете
oni rade,они раде,они работают
učiti,учити,учиться / учить
ja učim,я учим,я учусь / учу
ti učiš,ти учиш,ты учишься / учишь
on/ona uči,он/она учи,он/она учится / учит
mi učimo,ми учимо,мы учимся / учим
vi učite,ви учите,вы учитесь / учите
oni uče,они уче,они учатся / учат
studirati,студирати,учиться в университете
ja studiram,я студирам,я учусь в университете
ti studiraš,ти студираш,ты учишься в университете
on/ona studira,он/она студира,он/она учится в университете
mi studiramo,ми студирамо,мы учимся в университете
vi studirate,ви студирате,вы учитесь в университете
oni studiraju,они студираю,они учатся в университете
govoriti,говорити,говорить
ja govorim,я говорим,я говорю
ti govoriš,ти говориш,ты говоришь
on/ona govori,он/она говори,он/она говорит
mi govorimo,ми говоримо,мы говорим
vi govorite,ви говорите,вы говорите
oni govore,они говоре,они говорят
živeti,живети,жить
ja živim,я живим,я живу
ti živiš,ти живиш,ты живёшь
on/ona živi,он/она живи,он/она живёт
mi živimo,ми живимо,мы живём
vi živite,ви живите,вы живёте
oni žive,они живе,они живут
voleti,волети,любить
ja volim,я волим,я люблю
ti voliš,ти волиш,ты любишь
on/ona voli,он/она воли,он/она любит
mi volimo,ми волимо,мы любим
vi volite,ви волите,вы любите
oni vole,они воле,они любят
koristiti,користити,использовать
ja koristim,я користим,я использую
ti koristiš,ти користиш,ты используешь
on/ona koristi,он/она користи,он/она использует
mi koristimo,ми користимо,мы используем
vi koristite,ви користите,вы используете
oni koriste,они користе,они используют
dolaziti,долазити,приходить / приезжать
ja dolazim,я долазим,я прихожу / приезжаю
ti dolaziš,ти долазиш,ты приходишь / приезжаешь
on/ona dolazi,он/она долази,он/она приходит / приезжает
mi dolazimo,ми долазимо,мы приходим / приезжаем
vi dolazite,ви долазите,вы приходите / приезжаете
oni dolaze,они долазе,они приходят / приезжают
hteti,хтети,хотеть
ja hoću,я хочу,я хочу
ti hoćeš,ти хочеш,ты хочешь
on/ona hoće,он/она хоче,он/она хочет
mi hoćemo,ми хочемо,мы хотим
vi hoćete,ви хочете,вы хотите
oni hoće,они хоче,они хотят
želeti,желети,желать / хотеть
ja želim,я желим,я желаю / хочу
ti želiš,ти желиш,ты желаешь / хочешь
on/ona želi,он/она жели,он/она желает / хочет
mi želimo,ми желимо,мы желаем / хотим
vi želite,ви желите,вы желаете / хотите
oni žele,они желе,они желают / хотят
izlaziti,излазити,выходить
ja izlazim,я излазим,я выхожу
ti izlaziš,ти излазиш,ты выходишь
on/ona izlazi,он/она излази,он/она выходит
mi izlazimo,ми излазимо,мы выходим
vi izlazite,ви излазите,вы выходите
oni izlaze,они излазе,они выходят
spremati,спремати,готовить / подготавливать
ja spremam,я спремам,я готовлю / подготавливаю
ti spremaš,ти спремаш,ты готовишь / подготавливаешь
on/ona sprema,он/она спрема,он/она готовит / подготавливает
mi spremamo,ми спремамо,мы готовим / подготавливаем
vi spremate,ви спремате,вы готовите / подготавливаете
oni spremaju,они спремаю,они готовят / подготавливают
kuvati,кувати,готовить еду / варить
ja kuvam,я кувам,я готовлю / варю
ti kuvaš,ти куваш,ты готовишь / варишь
on/ona kuva,он/она кува,он/она готовит / варит
mi kuvamo,ми кувамо,мы готовим / варим
vi kuvate,ви кувате,вы готовите / варите
oni kuvaju,они куваю,они готовят / варят
gledati,гледати,смотреть
ja gledam,я гледам,я смотрю
ti gledaš,ти гледаш,ты смотришь
on/ona gleda,он/она гледа,он/она смотрит
mi gledamo,ми гледамо,мы смотрим
vi gledate,ви гледате,вы смотрите
oni gledaju,они гледаю,они смотрят
plivati,пливати,плавать
ja plivam,я пливам,я плаваю
ti plivaš,ти пливаш,ты плаваешь
on/ona pliva,он/она плива,он/она плавает
mi plivamo,ми пливамо,мы плаваем
vi plivate,ви пливате,вы плаваете
oni plivaju,они пливаю,они плавают
slušati,слушати,слушать
ja slušam,я слушам,я слушаю
ti slušaš,ти слушаш,ты слушаешь
on/ona sluša,он/она слуша,он/она слушает
mi slušamo,ми слушамо,мы слушаем
vi slušate,ви слушате,вы слушаете
oni slušaju,они слушаю,они слушают
imati,имати,иметь
ja imam,я имам,я имею / у меня есть
ti imaš,ти имаш,ты имеешь / у тебя есть
on/ona ima,он/она има,он/она имеет / у него или неё есть
mi imamo,ми имамо,мы имеем / у нас есть
vi imate,ви имате,вы имеете / у вас есть
oni imaju,они имаю,они имеют / у них есть
nemati,немати,не иметь
ja nemam,я немам,я не имею / у меня нет
ti nemaš,ти немаш,ты не имеешь / у тебя нет
on/ona nema,он/она нема,он/она не имеет / у него или неё нет
mi nemamo,ми немамо,мы не имеем / у нас нет
vi nemate,ви немате,вы не имеете / у вас нет
oni nemaju,они немаю,они не имеют / у них нет
razgovarati,разговарати,разговаривать
ja razgovaram,я разговарам,я разговариваю
ti razgovaraš,ти разговараш,ты разговариваешь
on/ona razgovara,он/она разговара,он/она разговаривает
mi razgovaramo,ми разговарамо,мы разговариваем
vi razgovarate,ви разговарате,вы разговариваете
oni razgovaraju,они разговараю,они разговаривают
pričati,причати,рассказывать / разговаривать
ja pričam,я причам,я рассказываю / разговариваю
ti pričaš,ти причаш,ты рассказываешь / разговариваешь
on/ona priča,он/она прича,он/она рассказывает / разговаривает
mi pričamo,ми причамо,мы рассказываем / разговариваем
vi pričate,ви причате,вы рассказываете / разговариваете
oni pričaju,они причаю,они рассказывают / разговаривают
čitati,читати,читать
ja čitam,я читам,я читаю
ti čitaš,ти читаш,ты читаешь
on/ona čita,он/она чита,он/она читает
mi čitamo,ми читамо,мы читаем
vi čitate,ви читате,вы читаете
oni čitaju,они читаю,они читают
znati,знати,знать
ja znam,я знам,я знаю
ti znaš,ти знаш,ты знаешь
on/ona zna,он/она зна,он/она знает
mi znamo,ми знамо,мы знаем
vi znate,ви знате,вы знаете
oni znaju,они знаю,они знают
ići,ичи,идти / ехать
ja idem,я идем,я иду / еду
ti ideš,ти идеш,ты идёшь / едешь
on/ona ide,он/она иде,он/она идёт / едет
mi idemo,ми идемо,мы идём / едем
vi idete,ви идете,вы идёте / едете
oni idu,они иду,они идут / едут
voziti se,возити се,ехать / ездить на транспорте
ja se vozim,я се возим,я еду
ti se voziš,ти се возиш,ты едешь
on/ona se vozi,он/она се вози,он/она едет
mi se vozimo,ми се возимо,мы едем
vi se vozite,ви се возите,вы едете
oni se voze,они се возе,они едут
voziti,возити,водить
ja vozim,я возим,я вожу / веду машину
ti voziš,ти возиш,ты водишь
on/ona vozi,он/она вози,он/она водит
mi vozimo,ми возимо,мы водим
vi vozite,ви возите,вы водите
oni voze,они возе,они водят
jesti,ести,есть
ja jedem,я едем,я ем
ti jedeš,ти едеш,ты ешь
on/ona jede,он/она еде,он/она ест
mi jedemo,ми едемо,мы едим
vi jedete,ви едете,вы едите
oni jedu,они еду,они едят
piti,пити,пить
ja pijem,я пием,я пью
ti piješ,ти пиеш,ты пьёшь
on/ona pije,он/она пие,он/она пьёт
mi pijemo,ми пиемо,мы пьём
vi pijete,ви пиете,вы пьёте
oni piju,они пию,они пьют
doručkovati,доручковати,завтракать
ja doručkujem,я доручкуем,я завтракаю
ti doručkuješ,ти доручкуеш,ты завтракаешь
on/ona doručkuje,он/она доручкуе,он/она завтракает
mi doručkujemo,ми доручкуемо,мы завтракаем
vi doručkujete,ви доручкуете,вы завтракаете
oni doručkuju,они доручкую,они завтракают
ručati,ручати,обедать
ja ručam,я ручам,я обедаю
ti ručaš,ти ручаш,ты обедаешь
on/ona ruča,он/она руча,он/она обедает
mi ručamo,ми ручамо,мы обедаем
vi ručate,ви ручате,вы обедаете
oni ručaju,они ручаю,они обедают
večerati,вечерати,ужинать
ja večeram,я вечерам,я ужинаю
ti večeraš,ти вечераш,ты ужинаешь
on/ona večera,он/она вечера,он/она ужинает
mi večeramo,ми вечерамо,мы ужинаем
vi večerate,ви вечерате,вы ужинаете
oni večeraju,они вечераю,они ужинают
očekivati,очекивати,ожидать
ja očekujem,я очекуем,я ожидаю
ti očekuješ,ти очекуеш,ты ожидаешь
on/ona očekuje,он/она очекуе,он/она ожидает
mi očekujemo,ми очекуемо,мы ожидаем
vi očekujete,ви очекуете,вы ожидаете
oni očekuju,они очекую,они ожидают
verovati,веровати,верить
ja verujem,я веруем,я верю
ti veruješ,ти веруеш,ты веришь
on/ona veruje,он/она веруе,он/она верит
mi verujemo,ми веруемо,мы верим
vi verujete,ви веруете,вы верите
oni veruju,они верую,они верят
zarađivati,зарадживати,зарабатывать
ja zarađujem,я зараджуем,я зарабатываю
ti zarađuješ,ти зараджуеш,ты зарабатываешь
on/ona zarađuje,он/она зараджуе,он/она зарабатывает
mi zarađujemo,ми зараджуемо,мы зарабатываем
vi zarađujete,ви зараджуете,вы зарабатываете
oni zarađuju,они зараджую,они зарабатывают
putovati,путовати,путешествовать
ja putujem,я путуем,я путешествую
ti putuješ,ти путуеш,ты путешествуешь
on/ona putuje,он/она путуе,он/она путешествует
mi putujemo,ми путуемо,мы путешествуем
vi putujete,ви путуете,вы путешествуете
oni putuju,они путую,они путешествуют
tražiti,тражити,искать
ja tražim,я тражим,я ищу
ti tražiš,ти тражиш,ты ищешь
on/ona traži,он/она тражи,он/она ищет
mi tražimo,ми тражимо,мы ищем
vi tražite,ви тражите,вы ищете
oni traže,они траже,они ищут
misliti,мислити,думать
ja mislim,я мислим,я думаю
ti misliš,ти мислиш,ты думаешь
on/ona misli,он/она мисли,он/она думает
mi mislimo,ми мислимо,мы думаем
vi mislite,ви мислите,вы думаете
oni misle,они мисле,они думают
razmišljati,размишльати,размышлять / обдумывать
ja razmišljam,я размишльам,я размышляю
ti razmišljaš,ти размишльаш,ты размышляешь
on/ona razmišlja,он/она размишльа,он/она размышляет
mi razmišljamo,ми размишльамо,мы размышляем
vi razmišljate,ви размишльате,вы размышляете
oni razmišljaju,они размишльаю,они размышляют
truditi se,трудити се,стараться
ja se trudim,я се трудим,я стараюсь
ti se trudiš,ти се трудиш,ты стараешься
on/ona se trudi,он/она се труди,он/она старается
mi se trudimo,ми се трудимо,мы стараемся
vi se trudite,ви се трудите,вы стараетесь
oni se trude,они се труде,они стараются
završavati,завршавати,заканчивать
ja završavam,я завршавам,я заканчиваю
ti završavaš,ти завршаваш,ты заканчиваешь
on/ona završava,он/она завршава,он/она заканчивает
mi završavamo,ми завршавамо,мы заканчиваем
vi završavate,ви завршавате,вы заканчиваете
oni završavaju,они завршаваю,они заканчивают
završiti,завршити,закончить
ja završim,я завршим,я закончу
ti završiš,ти завршиш,ты закончишь
on/ona završi,он/она заврши,он/она закончит
mi završimo,ми завршимо,мы закончим
vi završite,ви завршите,вы закончите
oni završe,они заврше,они закончат
počinjati,починьати,начинать
ja počinjem,я починьем,я начинаю
ti počinješ,ти починьеш,ты начинаешь
on/ona počinje,он/она починье,он/она начинает
mi počinjemo,ми починьемо,мы начинаем
vi počinjete,ви починьете,вы начинаете
oni počinju,они починьу,они начинают
početi,почети,начать
ja počnem,я почнем,я начну
ti počneš,ти почнеш,ты начнёшь
on/ona počne,он/она почне,он/она начнёт
mi počnemo,ми почнемо,мы начнём
vi počnete,ви почнете,вы начнёте
oni počnu,они почну,они начнут
planirati,планирати,планировать
ja planiram,я планирам,я планирую
ti planiraš,ти планираш,ты планируешь
on/ona planira,он/она планира,он/она планирует
mi planiramo,ми планирамо,мы планируем
vi planirate,ви планирате,вы планируете
oni planiraju,они планираю,они планируют
šetati,шетати,гулять
ja šetam,я шетам,я гуляю
ti šetaš,ти шеташ,ты гуляешь
on/ona šeta,он/она шета,он/она гуляет
mi šetamo,ми шетамо,мы гуляем
vi šetate,ви шетате,вы гуляете
oni šetaju,они шетаю,они гуляют
kupovati,куповати,покупать
ja kupujem,я купуем,я покупаю
ti kupuješ,ти купуеш,ты покупаешь
on/ona kupuje,он/она купуе,он/она покупает
mi kupujemo,ми купуемо,мы покупаем
vi kupujete,ви купуете,вы покупаете
oni kupuju,они купую,они покупают
kupiti,купити,купить
ja kupim,я купим,я куплю
ti kupiš,ти купиш,ты купишь
on/ona kupi,он/она купи,он/она купит
mi kupimo,ми купимо,мы купим
vi kupite,ви купите,вы купите
oni kupe,они купе,они купят
slati,слати,отправлять
ja šaljem,я шальем,я отправляю
ti šalješ,ти шальеш,ты отправляешь
on/ona šalje,он/она шалье,он/она отправляет
mi šaljemo,ми шальемо,мы отправляем
vi šaljete,ви шальете,вы отправляете
oni šalju,они шальу,они отправляют
poslati,послати,отправить
ja pošaljem,я пошальем,я отправлю
ti pošalješ,ти пошальеш,ты отправишь
on/ona pošalje,он/она пошалье,он/она отправит
mi pošaljemo,ми пошальемо,мы отправим
vi pošaljete,ви пошальете,вы отправите
oni pošalju,они пошальу,они отправят
dobijati,добияти,получать
ja dobijam,я добиям,я получаю
ti dobijaš,ти добияш,ты получаешь
on/ona dobija,он/она добия,он/она получает
mi dobijamo,ми добиямо,мы получаем
vi dobijate,ви добияте,вы получаете
oni dobijaju,они добияю,они получают
dobiti,добити,получить
ja dobijem,я добием,я получу
ti dobiješ,ти добиеш,ты получишь
on/ona dobije,он/она добие,он/она получит
mi dobijemo,ми добиемо,мы получим
vi dobijete,ви добиете,вы получите
oni dobiju,они добию,они получат
iznajmljivati,изнаймльивати,арендовать / сдавать в аренду
ja iznajmljujem,я изнаймльуем,я арендую / сдаю
ti iznajmljuješ,ти изнаймльуеш,ты арендуешь / сдаёшь
on/ona iznajmljuje,он/она изнаймльуе,он/она арендует / сдаёт
mi iznajmljujemo,ми изнаймльуемо,мы арендуем / сдаём
vi iznajmljujete,ви изнаймльуете,вы арендуете / сдаёте
oni iznajmljuju,они изнаймльую,они арендуют / сдают
seliti se,селити се,переезжать
ja se selim,я се селим,я переезжаю
ti se seliš,ти се селиш,ты переезжаешь
on/ona se seli,он/она се сели,он/она переезжает
mi se selimo,ми се селимо,мы переезжаем
vi se selite,ви се селите,вы переезжаете
oni se sele,они се селе,они переезжают
trenirati,тренирати,тренироваться
ja treniram,я тренирам,я тренируюсь
ti treniraš,ти тренираш,ты тренируешься
on/ona trenira,он/она тренира,он/она тренируется
mi treniramo,ми тренирамо,мы тренируемся
vi trenirate,ви тренирате,вы тренируетесь
oni treniraju,они тренираю,они тренируются
ustajati,устаяти,вставать
ja ustajem,я устаем,я встаю
ti ustaješ,ти устаеш,ты встаёшь
on/ona ustaje,он/она устае,он/она встаёт
mi ustajemo,ми устаемо,мы встаём
vi ustajete,ви устаете,вы встаёте
oni ustaju,они устаю,они встают
nositi,носити,носить
ja nosim,я носим,я ношу
ti nosiš,ти носиш,ты носишь
on/ona nosi,он/она носи,он/она носит
mi nosimo,ми носимо,мы носим
vi nosite,ви носите,вы носите
oni nose,они носе,они носят
zvati se,звати се,называться / представляться
ja se zovem,я се зовем,я меня зовут
ti se zoveš,ти се зовеш,ты тебя зовут
on/ona se zove,он/она се зове,он/она его / её зовут
mi se zovemo,ми се зовемо,мы нас зовут
vi se zovete,ви се зовете,вы вас зовут
oni se zovu,они се зову,они их зовут
videti se,видети се,увидеться / встретиться
ja se vidim,я се видим,я увижусь / встречусь
ti se vidiš,ти се видиш,ты увидишься / встретишься
on/ona se vidi,он/она се види,он/она увидится / встретится
mi se vidimo,ми се видимо,мы увидимся / встретимся
vi se vidite,ви се видите,вы увидитесь / встретитесь
oni se vide,они се виде,они увидятся / встретятся
morati,морати,быть должным / должна / должен
ja moram,я морам,я должна / должен
ti moraš,ти мораш,ты должен / должна
on/ona mora,он/она мора,он/она должен / должна
mi moramo,ми морамо,мы должны
vi morate,ви морате,вы должны
oni moraju,они мораю,они должны
sviđati se,свиджати се,нравиться
sviđa mi se,свиджа ми се,мне нравится
sviđaju mi se,свиджаю ми се,мне нравятся
sviđa mu se,свиджа му се,ему нравится
sviđaju mu se,свиджаю му се,ему нравятся
sviđa joj se,свиджа йой се,ей нравится
sviđaju joj se,свиджаю йой се,ей нравятся
Zovem se…,зовем се…,Меня зовут…
Ja živim u Moskvi.,я живим у москви.,Я живу в Москве.
Volim da pijem kafu ujutru.,волим да пием кафу уютру.,Я люблю пить кофе утром.
Više volim da pijem kafu.,више волим да пием кафу.,Я больше люблю пить кофе.
Idem autobusom na posao.,идем аутобусом на посао.,Я еду на работу на автобусе.
Nikad ne idem autom.,никад не идем аутом.,Я никогда не езжу на машине.
Moram da radim sutra.,морам да радим сутра.,Я должна / должен работать завтра.
Čekam da…,чекам да…,"Жду, что…"
Čekam da mi pošalju.,чекам да ми пошальу.,"Жду, что мне отправят."
